gen,color,stage,stem,Stem_strength,PC1,PC2,PC3,PC4,PC5
UMN3097_1,1.25486106918222,0.49987895629202,-0.0070468940692735,3.57309920471798,0.478594522980904,6.53985735604045,1.7104464211958,-0.457058307291383,2.85277088954678
UMN3097_10,1.14546554363725,0.499124417245388,1.02218833918005,3.95971921096492,-0.86719989188439,7.36028443556258,-3.94310302304549,3.59885505145434,-1.64426587567201
UMN3097_100,1.85252231530323,0.499987240686969,0.459807184648713,2.69762703540955,1.69956464614682,4.00733736453086,-1.36120911249617,-6.6456430672401,3.42622880451126
UMN3097_101,1.33595763824649,0.499605038719098,-0.0759466286669918,3.04603131580813,-1.15709545199975,3.63807593012453,-2.8554303671275,3.65046913670364,0.721258029895564
UMN3097_102,1.64719433714672,0.499859407597633,0.544239439844194,3.6324631555045,-4.23531290432088,12.978288301298,-4.89247801390719,9.82440557266741,-2.94098281623568
UMN3097_105,1.33316794235131,0.500748338090484,0.526091432916057,3.62779525227827,5.40985754266505,1.02171152358089,4.16028127479977,-1.00829364873629,-7.8838888358563
UMN3097_107,1.23537786318762,0.499021260918097,0.00854099366229016,3.12664143540802,3.11237630828643,3.59829913048638,-3.14637153126299,1.24846312047321,3.57991359434398
UMN3097_108,1.70787546169681,0.500482873382088,0.939221736730301,3.77883236064012,-3.62327563158848,12.6746466838553,-3.29233212975391,2.08260311341762,-3.48350873163252
UMN3097_109,1.49512007584953,0.49980465796572,0.979694636950943,4.43776352412711,-3.99319250804481,-2.02129362972398,-3.19279575109875,0.559192607581097,10.2853494241817
UMN3097_11,0.967430575285861,0.499944883732729,0.00667445264889954,3.09410434731673,7.73235098457398,-1.83247883708135,4.94703053674056,0.902450566772391,3.70049472880125
UMN3097_110,2.16612375804623,0.500282111675092,0.490241779787664,4.62531812692373,4.04079312653502,2.63179940084674,2.18920174755806,-0.24012193895091,1.60847610888345
UMN3097_111,1.46031590504477,0.498920697800715,0.0623899137903883,2.95528936093361,-1.68679970983721,1.11717280763239,2.39876099439877,-3.7896928718595,14.2709996692215
UMN3097_112,1.39795088361284,0.49928770276726,0.512880791061729,3.43323020473599,8.08682016022526,-4.18196953755841,-0.360739023567054,-3.31482813676697,-1.22627728463075
UMN3097_114,1.64346569720478,0.499939623933665,0.985932884404734,2.61776957517006,-6.10474123509439,11.3669072740164,-6.3091644663698,5.58869719172304,0.852228488123106
UMN3097_115,1.21962170779463,0.499955681345139,0.937221982649042,3.7532783501342,-0.525579065701695,6.06974926136559,-4.57464675856446,4.45674108438673,0.454892931707802
UMN3097_118,1.0552843089171,0.499593786080452,0.392903902075704,3.2051025540836,7.93448010384074,1.8931293564186,5.9947306474163,-1.26353349877483,2.03303366368254
UMN3097_119,1.60364711541215,0.49905739881217,0.445985431576504,3.39709454183132,9.16404617970309,-1.52314024652673,1.64448753759862,-1.75493664819723,-0.612732530379533
UMN3097_12,1.15696475986655,0.499062771597863,0.00897996217830902,3.19514065798494,-1.26067198685681,9.55458653887141,-1.95130582311808,3.33948438286892,-1.63181043619421
UMN3097_121,1.127597967496,0.499654621943849,1.02704656421705,2.9900847810969,2.54082135147506,2.05310956838531,-1.85311077726904,2.15213991646364,0.640409296595466
UMN3097_123,1.53687127897024,0.500058601658395,1.01914442608802,2.68098021981151,-4.03340014330702,2.70718406135852,-11.5301889092107,3.99762884034712,8.55883556506533
UMN3097_124,1.62755353562363,0.500409876185542,0.520017515009093,3.14708410850131,3.38887649327475,5.83456255597701,-0.26972615026183,1.71545224994025,-2.48015216661551
UMN3097_125,1.68030190856414,0.501385898490693,0.587004674700298,3.38279920802021,-1.67420015957222,3.04000953015766,-3.44941052612891,-1.42043074679662,12.3954645811703
UMN3097_128,1.20406134243029,0.500831798137681,0.464762692817424,2.49533230082856,0.0515631457392533,6.68965106973981,-3.6963165703077,2.69081181931262,-3.53544981625065
UMN3097_13,1.21163927050037,0.499429381488225,0.557528875269595,2.88563256188193,1.65821611841939,2.95711484730018,-2.68288404854477,-0.89925766819679,4.8145120323197
UMN3097_130,1.20859623852588,0.500696363783816,0.0347496310450872,2.57109153224809,-3.18595232565635,-4.09873977139218,-0.242332263612451,-7.73833230040333,13.5897199043392
UMN3097_14,1.70150406864337,0.499982097936611,1.01917115719085,2.26681391445152,0.813320881567991,5.87001877159965,-2.94742692423367,1.06382759891144,6.45980155296592
UMN3097_15,1.14067312182614,0.499789786327838,-0.0879165071085785,4.20632707179376,3.85947160104324,5.2236652235585,1.99155484312149,-0.0870366634867481,4.02695831185859
UMN3097_16,1.90353350105841,0.498954612333113,0.96629957390679,3.60976074686931,2.77836266237197,8.40147349856748,1.98141293201692,4.21910972281923,5.75526324850297
UMN3097_17,1.64492809759437,0.499408133221604,1.05524612853972,3.04435981311645,2.39228482773976,5.67820741266984,1.11126500483795,3.04407604089782,3.13462227415807
UMN3097_19,1.413368662383,0.500267951421617,0.540896212787799,2.22061901839078,5.73850512147655,6.89268409593866,-1.69324865539402,-1.02506326079342,1.65462594466647
UMN3097_2,1.28084877679248,0.500004475700162,0.461356432178781,2.64848803665781,3.32113368095455,-2.040971908221,0.168574497937081,-2.0010332647532,9.30672988323012
UMN3097_20,2.0648939097083,0.499736360348452,0.498959878982545,4.30759124914569,3.95236308984888,6.92771497168883,1.95778926857976,0.694578781859484,2.87294396959949
UMN3097_22,1.71763908747028,0.500286686000774,0.973787148246122,3.91982036960414,5.67143516530818,-1.32567717217321,3.46590035303076,0.870703672414228,-5.65490563224647
UMN3097_23,1.03903868149635,0.496438602365201,0.499865618461879,2.90118089209015,1.28962000908993,5.94764003552915,-2.2738369091573,1.1990481871442,4.46581245303887
UMN3097_24,1.83192951567758,0.499929870961991,0.974196014413678,3.98135601265407,7.85063420926728,-1.62163337109844,-0.326043783818674,2.63165934632238,-6.10304773261738
UMN3097_25,1.61279482012296,0.499546747232575,1.0550385031656,3.40620510801406,5.38270691345118,3.86678797050893,-3.4160640584426,-1.79640070596113,5.74149429571209
UMN3097_26,1.43381305748011,0.49991406323,0.00559267123877873,2.92559806957626,5.10216963631194,2.41089201411742,1.34006332629555,-0.790900745805924,4.47355693617756
UMN3097_27,1.27241497037688,0.502504448285498,1.00976880458598,2.73238723531457,3.35307042554807,7.43847746018281,0.752722427972856,1.53737480744242,4.09426992395091
UMN3097_28,1.33379612951177,0.499822226218727,0.549063152820863,4.31950936601476,5.98499714998034,0.193061046303767,6.74565107231204,0.4520507056632,-4.42598566757999
UMN3097_29,1.59356776871432,0.499221039698927,0.525001054927068,5.03941055083368,1.87445536739907,-0.979150380588641,-0.248596545575743,-9.13666887363063,8.20910716974872
UMN3097_3,1.52109494734281,0.500025930094397,-0.0594372608502084,2.90945233505721,-0.764293436215803,3.02280597342969,-0.0776068089588693,0.321891956165541,10.4255255880777
UMN3097_30,1.58676327300062,0.499426040460786,0.990454945389208,3.44019090569444,-0.494925335397303,5.13896560713347,-8.66332312701187,5.08767694447312,0.44588464806227
UMN3097_31,1.51034006361908,0.500052524582652,0.477093470846953,2.38694304690435,-1.72296840918073,7.90940149940648,-1.23991208073521,3.95613667932255,2.75444582479921
UMN3097_32,1.35004377046146,0.499950099818581,1.08271925315203,3.1999136309487,7.68208125437407,0.50285325542337,2.82747663832599,-3.58890385858978,5.81796662154531
UMN3097_33,1.0800397934153,0.498886449983151,0.0379543949140529,3.41769284930336,1.92859143756864,2.87951427777869,-0.750572544890818,2.87088507571873,-0.47927764923205
UMN3097_34,1.41085087557714,0.499302468127626,0.54588836333624,3.47033846071987,9.17172488783583,-2.66547698380389,0.477822186595714,-1.40817351366524,-1.78898359964499
UMN3097_36,1.92543501707439,0.499760991557248,0.456627141509042,3.52189232408758,-3.30526828123641,0.208127850946265,-4.91151091200825,-0.832158456549883,4.73952195236394
UMN3097_37,1.57981248454267,0.499733542420763,0.975466590006704,3.51624003151179,-0.779469716882171,3.08570994022356,-4.59821644022765,1.32908467890341,3.58732893270154
UMN3097_4,1.27088927631723,0.499854607739758,-0.00245010140063326,4.16115946790724,-4.57942854671357,-0.0537146145898151,-1.37266909379172,2.09321450377222,13.0584477286216
UMN3097_40,1.92679331882546,0.499037847551348,0.944682381625514,3.12535022696492,10.2391050192622,-2.76156924730832,-1.92020758632985,2.62754165829527,-9.62181891187026
UMN3097_41,1.46953866250441,0.49894625138476,0.554798947526645,4.23293269645263,1.15871991062665,9.12908383844576,-4.18381508122398,4.94426107311685,-2.01098041323777
UMN3097_42,1.635214691939,0.499236365968885,1.04065956632851,3.64833586359689,2.54811141638375,9.98677628493871,-3.72258576868824,1.93646436309136,4.20983776702886
UMN3097_44,1.12610702901324,0.500204414279503,0.0191300930012775,3.3855316751389,2.89306473924755,0.639693976807359,0.641806250169135,-5.36343004350709,7.48507055523587
UMN3097_45,1.36101664551626,0.500079238007418,0.0152494426264434,2.76324440218665,6.06063840307149,0.558199173457919,7.73419472121234,1.01741448945111,2.0106047953019
UMN3097_46,1.41036657459317,0.499713054645164,0.506306393943509,3.10291090112428,2.16391168892644,3.71275093212454,-5.70089033502577,-2.56644430159584,1.89795378329276
UMN3097_48,1.40044342147067,0.500138523505327,0.508204288888208,3.02900705607259,-5.04771631671572,12.7886788768407,-5.51988290615636,7.37430499154789,1.39092909238329
UMN3097_49,1.04258241394121,0.499723703509546,0.978143555805661,2.76866220534606,0.321140941510677,7.02681223142472,0.467778248739431,4.33075922913741,-2.20492572399059
UMN3097_5,1.45262144791916,0.500244235159666,0.497725660620339,3.56415880354823,-6.49235194896796,1.55251173932114,-5.22789999587159,1.99393292788485,10.9642568356274
UMN3097_50,1.34290947764646,0.499679468469815,0.0320982160469102,4.0831933474269,1.51405049181521,2.38463619624701,-3.73786424255646,-0.602534599014151,8.7541810873987
UMN3097_51,1.67117244117332,0.50007367205945,0.960452175807562,3.22544607272006,1.01097491088929,5.0091770810635,-5.05103043381705,1.70021767735887,6.50991352593481
UMN3097_52,1.35838830326077,0.500673421388664,0.559236284601389,3.192528557644,-3.27941968407119,-2.08843874092362,-2.42619327303867,-3.43842983284399,9.75142286207422
UMN3097_54,1.71409300571402,0.499616136653529,1.00721406360488,3.62894572108725,3.17401909336008,7.43874135295064,-3.20314187754065,2.26442503341384,4.87955708643312
UMN3097_56,1.76911011133568,0.499971672417644,0.494557260545587,2.98447964798909,-2.39478851671729,3.1940939563886,-7.37971557001648,-1.84510227856626,4.82751637663775
UMN3097_57,1.47858914976433,0.500372090151935,0.513350840049139,2.40873571109533,-1.17933854557481,0.739696806299207,-2.85336771282403,-3.20680113076572,15.7275950361608
UMN3097_58,1.52782562932742,0.499317020660861,0.535403854011644,3.59278818463906,3.50990301561687,0.752713359355376,0.0519354341415874,0.271031440564332,-1.49151864317025
UMN3097_59,1.18593301485928,0.499339436902584,1.01198363576441,2.54011701381576,-6.62311486131585,3.60508297570474,-4.98750989038536,0.538630988277825,13.4769687523871
UMN3097_6,1.33780969604537,0.499380729074085,0.910036083239711,2.85001527126767,1.91184786223163,-0.456865837877787,-3.03158522513378,1.52770498087538,-0.503532084149668
UMN3097_60,1.75732006493526,0.500473432318991,1.06833722378439,3.99028361706836,1.31052331763644,7.19681326971572,-0.470805223410127,2.06969769445287,5.9905884044145
UMN3097_61,1.61097463303085,0.499766400045755,0.959078857579716,3.31807188353875,1.921703156976,4.39587788784943,-4.7757224196194,-0.428245673827196,-0.391112969590634
UMN3097_62,1.87348802314001,0.499973207586967,1.01269124164873,3.46995552296748,4.0378626490013,4.46994635129888,-0.153158889009078,-3.0484088342568,2.02438011903051
UMN3097_65,1.7697954650625,0.500004598156499,0.997001474598643,3.92569409303264,-12.477880293842,3.3182879864008,-7.2424643444068,2.01749623823544,2.51658228698769
UMN3097_66,1.64472312587765,0.499919577386903,1.00842576410431,2.85729507540344,3.47245125918988,6.1724174744154,-4.24938093384576,3.48466333017407,4.91916582831571
UMN3097_67,1.30720616259159,0.500300888327739,1.0465073116266,2.9821971988438,5.12409554454898,2.37696439739649,-3.03987403637676,-0.806189510080833,1.0188731908112
UMN3097_69,1.21342200263147,0.500205049060338,0.589660029656522,2.9587178083889,-0.235775646410633,9.78855700849575,-7.01686290475651,0.484344211439654,-4.47015283739052
UMN3097_70,1.08947966471098,0.49986559444344,0.491216467305443,2.41599295328852,-3.08389074781537,2.64783117430293,-1.52547495871772,5.15029313375053,4.49694371308093
UMN3097_73,1.40294788539411,0.498008300213268,1.04343751183116,3.663025711137,-1.53704375213567,1.19640384916429,-5.87745115211525,-3.23371815014642,8.21516271393005
UMN3097_74,2.08408835338752,0.499230102158881,0.443563065100441,3.99738460123058,-2.70729388252234,7.87630837228893,-0.869237506376697,2.47878604734352,-2.18529602350919
UMN3097_75,1.01708917284985,0.498764209753321,0.544278993143102,2.84398559079417,-5.25570144925755,1.81326105174726,-9.25034885065664,4.51475566362921,10.6561744896802
UMN3097_76,1.59741315403797,0.50049930349037,0.502580527125881,3.77285036230099,-2.00244625735464,-1.64339798862116,-5.77531970140613,-1.45197398861857,10.5362551519016
UMN3097_78,1.41820140729435,0.501358475051861,1.02628725903611,3.43151142985704,-0.844766129817603,4.3181173885182,-2.051032796459,1.38483388489381,0.0717336572770212
UMN3097_79,1.21730429736038,0.499370368761993,-0.0393246474101501,2.20787786537141,0.0340004873850523,5.75041516591662,-3.41467848650704,1.33956979060722,0.639252724323415
UMN3097_8,1.75382363609792,0.499976427192064,0.484566654059612,3.86340885295144,2.64140052895234,4.68417801933277,2.02396120072899,2.37487054371929,-0.642081439628596
UMN3097_80,1.52039848857474,0.500284684040455,0.958119670806835,3.96431794566611,0.325947701986417,9.73144146718854,-5.27824172028931,1.7640965268384,-3.4366604915502
UMN3097_81,1.30425927125934,0.500112359827357,0.0542964155592084,3.01057610983029,-1.03832235239238,-0.426843583748032,-1.52356290898379,-3.84626117317739,8.96542095493684
UMN3097_82,1.84717178773215,0.499752824616073,0.476049108354367,2.99932702500185,0.252625304351569,4.20100465416674,-1.61729580756982,1.67723278489062,1.38496602387422
UMN3097_83,1.18824226061757,0.497506302050128,0.50902597213592,4.02388720673887,4.8915692157534,5.78526583123914,-1.62043400267188,4.40881279344819,-1.27269587881594
UMN3097_84,1.7447283425686,0.499047626084216,0.542049424891651,3.74678840464472,-2.17356246916707,-1.86421930973519,-0.603367893170037,-2.57156754150145,7.33778257167337
UMN3097_85,0.990926525361044,0.500180726179599,0.0112722497264978,2.77053514048896,-0.338744105148483,6.69185525297098,-1.28547799433985,1.83986577559574,2.52496834734018
UMN3097_86,1.16663680519809,0.500163595112655,0.0559016521263474,4.20137693951525,4.20349278162642,8.87213906039085,2.40943607225412,2.95222465529783,1.89025666933894
UMN3097_87,1.66016977476856,0.50037638121015,1.02421550133181,3.9679549624144,-0.146594144925761,7.54878739624733,-4.01848841706704,5.77167683708593,-0.756169121701976
UMN3097_9,1.19916567356632,0.499127533911377,0.00755275119143085,4.0307364679648,-5.63189062868601,4.11819815462582,-3.04900258539394,2.2572767253235,6.10993275824113
UMN3097_90,1.67167989067281,0.49977481610797,0.938096994342956,3.11868209434846,3.66336766096736,5.01562676675505,-0.907469374209962,-2.31789054191798,2.09018243069498
UMN3097_91,1.27042291029505,0.500254128334627,0.97929151959133,4.03328229548057,3.56836196697794,7.10009089841688,-7.41959670169958,3.53708282304591,-1.55142070681879
UMN3097_92,1.53118642485168,0.498335844781917,0.545140215196605,4.15705960877219,6.81184128844227,-2.3418829659936,-1.01621631282208,4.9732148474494,-4.06638422011825
UMN3097_93,1.80460420135836,0.499384801289787,0.488746614676736,3.58760035754474,7.29111475998872,0.828746502757174,-1.16601995376627,0.431902863914078,6.17526020215122
UMN3097_94,1.30189286761623,0.499995834707234,-0.0749805359240328,3.66814762456154,2.12082552935556,2.82733076259858,-4.99963659342707,-5.9330232754689,4.77315170444322
UMN3097_96,1.38464887738719,0.500052147510489,1.03146677277008,2.98015164871208,-1.44370755529035,0.227505040452934,-6.86341630436333,-1.67201759417637,12.3440197282318
UMN3097_97,1.57568609903418,0.49952704922969,0.997098411269297,2.92709422692516,4.85193713478547,0.602743026258205,-4.59448267863969,-5.11015526241386,9.05072934513085
UMN3097_98,1.86151235426069,0.499788217503637,0.486879722419117,3.02508703021112,1.90426385935544,3.49907948135976,-5.24364003759642,2.78326420471947,4.43284121406177
UMN3097_99,1.68098529598294,0.499418405838633,-0.00688910393924405,4.14083300485606,3.14414512361064,3.59160962649788,1.71636453933244,1.26045735620655,2.46428004945504
UMN3355_1,1.71425833504169,0.499688829416753,1.00700918719991,3.60958244719269,6.42995493749321,0.261802385273835,1.57011580089101,0.457605431303361,6.21258143923505
UMN3355_10,1.64734072384877,0.498938177575534,1.08253158895296,4.22296577612779,5.43456289727691,4.30151775526161,-0.548314779442215,5.28043736491049,5.84512562059263
UMN3355_100,1.27250562058187,0.499957687858184,0.464139682310954,3.39269892496401,7.97662334027967,-4.16956103031852,-5.28816301633,4.84085294334247,-7.30577146463314
UMN3355_101,1.75207907265416,0.499612708746883,-0.0324351520439401,4.38808033380991,1.97613280173055,0.695447488757789,-0.687891744399947,1.38190622485009,7.76364275609877
UMN3355_102,1.88778384124232,0.500303765703085,-0.0270560274990012,3.64743891036457,11.9712204131744,1.3620718318676,3.51338316824108,-3.33129301921108,-0.0596902237942641
UMN3355_103,0.976727359777697,0.500554541219303,1.04663013969403,3.15791901084275,5.33792232696775,2.61581049825904,1.33987146026843,-0.203234698407085,-1.37749366955046
UMN3355_104,1.29620410727678,0.500280573222478,0.497552366097885,3.17281274777118,10.7681579694486,-8.24708832861229,0.466582215163186,-2.71442837424247,4.35964881157216
UMN3355_105,1.18831180376381,0.500202757860024,0.428062860898837,3.73415074918393,10.2283581599037,-6.25573542768988,8.01284804268342,-6.07865478337984,-4.33582156072202
UMN3355_106,1.50588777428846,0.499274866237036,1.05164909276309,3.53009734131581,1.90054806889778,-0.19551249909936,-1.6851175909749,-0.869075194842615,2.70027492950181
UMN3355_107,1.57642200498186,0.499742856228865,0.502725512524013,2.82796287024862,7.61919129384345,-0.444128368184638,-1.96287578680824,-1.8376264720825,-3.03366070123529
UMN3355_108,1.72028167545218,0.50026018640072,-0.104806506834125,3.38138122607384,5.12756015511197,0.975306805545713,2.19977837428749,0.0778153596688948,-0.639316259795278
UMN3355_109,1.62889641866552,0.498332123683995,0.988426708908204,3.62479982148015,5.8029715575849,-3.16003533127531,3.10580702323927,-5.93898560004404,8.29146665200999
UMN3355_11,1.66145961082321,0.500427494829488,0.497956716113072,3.18981372405146,7.94603262258747,-4.65266083475819,4.04360041003764,-3.0923438415462,-4.58648221231692
UMN3355_12,1.5442182507268,0.497681981067976,0.0575235305701899,2.87285617874524,0.551275156588398,-0.256600564164067,-2.48969039861815,-10.2161820028872,9.13535953058777
UMN3355_13,1.24999611348706,0.500099803885287,0.957380250224543,2.88997921403836,-2.07161594471388,0.651273447683406,-6.42757074074218,-1.9296285877776,10.6121185393218
UMN3355_14,1.7690281185226,0.497899537919963,0.00185452078856173,3.86285194400148,5.91890353636826,3.07237165845538,-1.55547120265431,7.10319898046488,-2.04589236149612
UMN3355_15,1.26812999535184,0.499419208046121,0.458676599766015,2.59209263558252,8.83317099186125,-1.04581222757401,3.27424387121506,-7.25717988083927,4.95144494710023
UMN3355_16,1.34367001446816,0.499653571899708,1.00324445360475,2.05748815893931,15.2154907796073,-5.12460055920823,2.86575884641888,-0.400060922888259,-6.37398031304954
UMN3355_17,1.39057261450544,0.499641872249734,0.473452713341574,3.15590984515024,6.3182278391171,-3.9780397807696,-0.349390086145017,-7.49390795120673,2.17281340101259
UMN3355_18,1.86826760512005,0.499542497747079,0.466206210556504,3.66021585156323,9.94603012060715,0.37703147887873,3.13905606978012,-4.34784892655687,1.63693358931151
UMN3355_19,1.4539622255126,0.499501046251074,1.01847404375188,3.18854478017228,3.29824733666066,-2.00825162633709,-0.628510191837689,-2.26873487631274,6.33107931327048
UMN3355_2,1.42377824969659,0.499263158527294,0.454315883607744,3.67015545885644,5.89029150055074,3.58605574942053,1.01431322735034,6.05480163845068,5.41131067822383
UMN3355_20,1.71330007354018,0.499046498932993,0.484314299869713,3.56536350881218,2.48649013249841,3.27672261700478,-9.42809234909393,2.4745577823368,-4.86496163264746
UMN3355_22,1.67701283900756,0.499868784767041,1.06216780964704,3.64360189138326,4.92454551563458,4.68559709040812,-2.16220740434817,-1.07747972442984,2.58209620704296
UMN3355_23,1.48039922974125,0.499734352443019,-0.0336386337612037,3.67095726951169,-22.3600683946561,5.92643834340653,-2.33818402482271,12.9607291424898,23.3560557641357
UMN3355_24,1.26582708310894,0.506285368855088,0.463467589803664,2.68568662072531,12.3092253440819,-6.40619188730195,-2.36504091556405,-0.0560381626464522,-8.01820655046318
UMN3355_25,1.20979639513201,0.499489383989765,0.985181885397698,2.1461570122024,5.62340139096577,1.86336347394781,-2.61037056744131,-2.56505561401178,2.72626036866395
UMN3355_26,1.18604146906264,0.499403668234394,-0.00413656802255711,3.49571032256312,11.6899611086987,-0.705418647059916,4.56671189024694,-4.27889844606102,-0.860938222475127
UMN3355_27,1.48212332966374,0.49964023791324,0.552020920618284,3.30796350531697,10.7235568903076,-4.92442593725098,4.63221007999639,4.15616324825249,-4.68835136220315
UMN3355_28,1.25611377967866,0.499256706252553,0.00649155281564747,4.18382264104793,-1.12458202476703,1.90832917347327,0.430046339354301,-1.14070236305859,9.85716292121502
UMN3355_29,1.96639283243383,0.500170283503173,0.0442857058708908,3.443827673992,7.72666392771809,-2.16721209290387,5.11894183590367,2.62089400712228,5.41804731059797
UMN3355_3,1.33992935084476,0.498949855922007,0.563296650946938,3.6000008609066,6.09122160741177,1.80840433575621,-5.43653549312612,1.1525462818933,-3.64211292610994
UMN3355_30,1.44743443568668,0.500155853985975,1.00288308478626,2.64060934528874,2.14978088087845,-2.32004665291037,-0.506498268463552,-2.14294995081727,7.3402319370854
UMN3355_31,1.70922935603281,0.499767408841448,0.96767396905187,3.43268478419743,5.73672403409657,2.94009529239659,-0.233876433320668,3.26840748732956,-2.51623702821055
UMN3355_33,1.51919760928631,0.498139994604084,0.0549411122192848,3.13250759460207,-0.567429382853271,0.794211519101577,-1.06977214363714,-0.314683748964462,6.22594786036415
UMN3355_34,1.75771933763179,0.500159786955656,1.05352521674549,3.68483634735072,11.7881474082965,-5.54631286355426,1.21212687027134,-2.60173834903352,2.03917930945949
UMN3355_35,1.68758708769816,0.499327196908466,0.50009335715851,3.95515354759647,3.62698002985632,2.76064683900949,2.78161330637356,-2.64394425800317,11.2370208758589
UMN3355_36,1.76464050874958,0.499865741155927,0.468450707530918,4.119484887056,0.128831136317707,1.37041748829983,-1.04338793160255,-4.95294121898913,5.31645970594709
UMN3355_37,1.52194307348761,0.500461643802922,1.01990629112104,2.53517677186342,4.36581708500881,0.0640317861399355,0.403788254233537,0.277562289226215,1.85597795227136
UMN3355_38,1.67600784801771,0.499936536412404,1.04908142532204,3.2881184011639,6.05596042022218,1.78668193150462,1.34928998835312,-5.043359390865,3.05929567351589
UMN3355_39,1.11896883268234,0.500112155226243,0.48384916437325,3.45595718801764,8.46440254128235,4.32852787085793,3.68193056594507,0.909366467061422,-5.80183262750609
UMN3355_4,1.6128392159261,0.499966782107627,0.0146514983282948,3.81707214173055,10.3408959778134,1.28628474344845,4.31787592120989,0.211539589565485,-0.967248218289725
UMN3355_40,1.69887955202554,0.499867766620503,1.00308658334062,3.73933532695513,2.75141528510882,0.852792510092625,-2.93411422293803,0.553783175078616,6.60480342792132
UMN3355_41,1.85879576718679,0.499142228917681,0.983427448357381,2.85958246166922,5.48634169146971,5.11658896983318,1.96984059335408,-0.195993130235973,9.41120862331373
UMN3355_42,1.71055738092973,0.500136738300731,0.965987817828142,3.7103052551231,2.09140662067387,-1.15974637435116,3.92968741033796,-2.45260451320073,12.0069106826568
UMN3355_43,1.4401813372856,0.499661891723632,0.491372792500319,4.19383202149131,7.69716721565148,-2.65786401031741,0.414344144636087,1.90085829089252,5.65274613772382
UMN3355_44,1.82559422895133,0.499109711728612,1.04153843394589,2.74081580818598,5.59980375150931,-3.87981998928802,1.63881209158926,-2.98486338091101,-5.99030562209309
UMN3355_45,1.19768668007996,0.500077639626857,0.489798939148838,3.04991372339714,6.07508083449674,-1.75981155990843,1.15845506274451,1.25518251180072,3.2355104163759
UMN3355_47,1.48643785117723,0.502033394564154,0.541384014862212,2.78334490317701,-0.218903269012759,-1.11791081983812,-0.354843476542832,-5.08077693801206,7.2173193465254
UMN3355_49,1.94129288339003,0.4998104113936,0.463955817783017,3.04381921771726,8.82109051486869,-0.299663189478123,2.34321237609854,-1.50984223259868,-0.825201117455589
UMN3355_50,1.64463822179542,0.500103036886253,0.558894951743238,3.35966268482613,3.30555177081623,-0.0850166277933407,0.882861311272032,-6.21706324688282,10.6727591388581
UMN3355_52,1.62061079021366,0.500256937318465,0.0979163186426372,3.27419922121538,8.3901336858955,3.85834231278667,3.75745771271356,-0.840413274161234,1.82575237662923
UMN3355_53,1.75623128219242,0.500075268044439,0.970406595596367,3.72209798798989,-1.14303807143743,3.68675686193002,-6.65828477574165,2.63040435941553,6.7373681129176
UMN3355_54,1.93072529190978,0.49999705545922,0.561450213980634,4.12398783640841,5.04205490714699,1.31211691423293,-5.43794960813485,0.402458271237436,-0.72668318258767
UMN3355_55,1.40714656587697,0.499610554493485,0.380270677888752,3.67170791557189,-0.506548261480932,-0.393819680420578,-0.252642726925511,-6.71534376594684,6.83535748139357
UMN3355_56,1.77221616275167,0.500139255809924,0.527692741070634,4.45659775856435,-0.184894099465767,0.842836508423365,-2.77603317667217,-0.858640360589003,3.33068955402276
UMN3355_57,1.66598497814505,0.500238134948294,0.454782212430122,2.9667397850853,6.87104231488084,-1.17685517899032,2.57774298769566,-0.597691621199055,2.7973341246814
UMN3355_58,1.68192836659502,0.499591651037191,0.0435011755384382,3.96211181651144,12.0891107275793,-6.48244051154831,3.24353625451817,-0.945849764544968,-2.39042809491819
UMN3355_59,1.65064473007213,0.500390256774306,0.494883063419441,3.3842740846362,4.10513475329893,2.97515942767533,3.11113820248719,-4.23195563936767,2.09505350192659
UMN3355_6,1.2294786358104,0.500088345740985,0.0201582928804979,2.92145368561971,8.35248991721661,-3.00465802928227,-0.465974625566258,-0.0811431862058579,-2.29158742247647
UMN3355_60,1.43339396731399,0.499376720949627,0.933200901118104,2.44389868278591,4.22026428112908,2.77519123447688,1.64377097421201,4.64166369203835,0.896489545276565
UMN3355_61,1.8106856822544,0.499506342548383,0.983906815781971,2.44724941848806,9.28642278826262,-1.70431780415324,1.14826930570766,-5.24129710030217,-2.38565122490605
UMN3355_62,0.884824456090181,0.499955485658271,0.471715169175516,2.27959968755435,6.71060178543451,2.99462888487529,3.87976132867446,-3.17167762463954,0.594950987121119
UMN3355_63,1.47607592746787,0.500244440196537,0.0788540971637082,2.49235832148776,7.03422317891934,-0.569983296202876,3.77834460166289,4.11557942531623,1.62533368272225
UMN3355_64,1.74316267284816,0.499941289532044,0.0470381358790345,3.99593260398629,6.75289363082703,-4.4514252583883,4.21100359442805,0.476955489525837,-3.1861390966846
UMN3355_65,1.61320173774197,0.498736961125526,0.881884536546609,3.19675168370742,12.760674883195,-5.93023470287256,3.01549151072707,2.43625115537311,-3.80427140231864
UMN3355_66,1.49429510944201,0.499906645432765,1.06776553361481,2.63761221549442,8.09046590140133,-0.447918702619193,0.00369107515452506,1.79266184367696,-0.387784107745311
UMN3355_67,2.04732021731884,0.49752273655635,0.947398476962296,3.37991257127292,3.14105807716376,2.84880887030396,-2.96638827542244,-7.28875456192786,6.39180715978715
UMN3355_68,1.08699249608005,0.499731981749433,0.0327849317579097,4.07797649747854,5.29465442245375,-4.40065061984435,-0.932584230917332,-2.0947651847324,14.0494326443734
UMN3355_69,1.61768905571208,0.499144348224296,1.10889474545115,3.66498974510404,6.34164892494414,1.43487630239088,5.14899412946213,2.41288455923296,0.174638766062556
UMN3355_7,1.64248483097527,0.499891907521446,0.992081368330953,2.96171062532808,4.62106638130422,-1.58548923464464,-0.910797895320795,-0.164833295689707,1.53182700654878
UMN3355_70,1.95512015330453,0.499584581196902,0.509042102759895,3.1085031849419,6.16071988732536,0.183356569476615,4.77925173384253,-0.861264999872362,2.11989700487125
UMN3355_71,1.6522168667873,0.499775809060432,-0.00407417873068901,3.69751072682755,13.7150514512035,-3.49509121279525,3.38917681386664,-0.130499806077948,-3.13482005049935
UMN3355_72,1.98147913946861,0.500056164477897,1.02585987844778,4.65780205567915,5.92901272817359,4.60714322956969,-3.19025721603751,4.67875450501829,3.96094282631825
UMN3355_73,1.52706502984892,0.500256256077712,0.479576282290719,3.10071253218828,9.56442588592016,5.0934501607697,-7.31943888002312,4.41345181139283,-3.55529124745265
UMN3355_74,1.15836304704408,0.499731240225923,-0.0546945715130868,3.68469823460758,-1.25303218037555,-4.78421349397436,-1.40526228671079,-1.451796699553,9.72320904282854
UMN3355_75,1.51127145413881,0.499992007683822,0.523736778465377,2.98193593253044,9.00185508401779,-1.65103931567349,-1.4596646702855,-1.66044048914236,-4.34067904732907
UMN3355_76,1.40925031098586,0.502712777605951,0.476240022779614,3.27205352696256,7.61677843149669,-2.64420786150434,0.313379089315542,-3.84277653493523,1.69843493412524
UMN3355_77,1.66877288608444,0.500360250170707,0.980222988633842,2.89091526664349,4.38561812077876,5.56767641030377,-6.23566845394376,3.04803736372968,-7.39538893982648
UMN3355_78,1.90102331695757,0.497337222241913,1.03358169184497,2.86833604456685,2.82605397038503,3.62162273106274,-1.39218036760192,0.321511125887285,5.60857600547403
UMN3355_79,1.36828234125113,0.500862755735966,0.551194054254128,2.61009047733766,3.70128452264964,0.671380114712181,-0.493576005181377,-1.70957744677359,2.09932067834696
UMN3355_8,1.73328111577057,0.499657453977759,-0.0951043659032573,3.86497333552302,7.887532241731,1.8482731100619,-1.36857954257012,-1.80946711906808,-2.36752363623053
UMN3355_80,1.45413107938104,0.499540172539534,0.548287823819084,2.582500149409,4.59867872771756,1.52610058737683,-1.27482725801,-6.5302430655355,4.39056951974455
UMN3355_81,1.29384681195739,0.499902128795644,1.00544919886492,2.27531587593993,10.5759717856261,-1.85291965724865,5.20967109548196,-2.08272942083219,-0.665223966417905
UMN3355_82,1.31191145919002,0.50019234025326,0.947466895152424,3.02147145774196,4.63301364734558,0.677672445077639,-0.269047871911358,-0.107896193187932,-0.216851304984161
UMN3355_84,1.49498510043044,0.500429792591801,-0.112738384630095,2.32686492608685,5.96860043115527,-5.78855228142119,2.21372645738274,-5.53299713177308,5.59064097779491
UMN3355_85,1.60721241258445,0.499630351556015,0.000958021100022448,3.97814283307871,5.03309583731487,-1.42605235842159,0.912381361967515,2.29142102627454,0.123843882050635
UMN3355_86,1.32776520422342,0.500117957455323,0.469605803574565,3.11341284744515,7.74890306418653,-0.743550999685442,7.16145424693891,-0.2278846619272,0.441512909079059
UMN3355_87,1.79206919332674,0.499852203508839,-0.0131800811805199,3.59811765063661,6.96594503073736,2.937255507477,4.07872430915454,-0.211410389036845,-3.87761093599958
UMN3355_88,1.3091809464117,0.500757104138808,1.07636627731485,4.47861574913449,4.99762025471603,3.58350486910548,1.86391733840251,-3.20430444295791,10.4820539626567
UMN3355_9,1.82327156364782,0.500247944239052,0.467577983684081,4.00042732598092,4.12883640212007,-0.740595005555241,-2.38558276372367,-4.96355582129473,8.85577196363372
UMN3355_90,1.33388893170374,0.499336326858698,0.561275933098174,3.00008130385269,-0.80427013225819,-3.69271853551758,-1.43095563185862,-7.28697514120364,8.86382640587256
UMN3355_91,1.32497647519288,0.500829625086876,-0.0134701165001992,2.75769438686028,0.46779465218111,-0.624722383435497,-0.815644651509918,-2.92064486158947,7.02599231898591
UMN3355_92,1.73383925959084,0.499825974984925,-0.00769579378446606,3.68560922773962,25.5720729593473,-3.56157669999653,7.76403948498556,-1.24636217905258,-8.07212794096784
UMN3355_93,1.30163292949217,0.499113129918783,0.455670173422527,2.56825413720203,3.19297804930815,3.91111980062947,-2.42649218988855,5.59453764860596,-2.77664100681096
UMN3355_94,1.72150144273864,0.499844455074289,-0.0630493782004622,2.57538997059996,0.963251315428483,1.24346562469536,-2.34484363589731,-1.9739776650572,4.14437261171189
UMN3355_95,1.89701947983119,0.500502319658412,-0.0679227183230905,3.48525217464033,8.68131786884946,-0.459560015241027,-5.46443421494524,10.3779711321354,11.705690607161
UMN3355_96,1.19875124475208,0.499611490379144,0.492592853906521,3.55443034852271,5.44684858143764,3.38387657287664,-1.64877932518117,-0.0657452710805562,9.02966163830155
UMN3355_98,1.81210080911692,0.499538675765652,0.492928512336914,2.51097094162907,4.35167355300847,-6.7297909318477,1.08039356968049,-10.3894081950916,2.97586868110676
UMN3355_99,1.68774719320163,0.499868018719758,0.0324330327183673,3.41065594601528,7.20602261757926,0.878507525487492,-2.81945834400043,-1.13335841269621,0.263141900180869
UMN3358_1,1.97651112985697,0.500180971488146,1.0357828730685,3.54589728291113,-4.9910103624112,11.9645927996826,-6.21832335167399,-1.93847563082647,-0.817391105716245
UMN3358_10,1.13448817740517,0.49984843214771,0.011987523036756,3.50895723529791,-10.0744764767532,6.91039332217839,-5.58098645497098,7.99343384537177,-9.6718784727538
UMN3358_100,2.07681894344438,0.500385183965344,0.985853325374068,4.28075057823139,-0.22303019263601,14.9020540368268,-0.30542812210088,4.28330442219114,1.74764401618377
UMN3358_101,1.77587330289205,0.500504866495991,0.932464762299528,3.92525256823379,-4.32692680515636,3.14347446189959,6.0229277438264,-2.36293305041757,3.31522700834584
UMN3358_102,1.22700105676869,0.499284878576353,-0.0600765339874597,2.91813816092985,-7.89085984203266,-5.30019747424364,0.756414929409349,-0.246901579899619,2.7751085072754
UMN3358_103,1.70231162413863,0.499747724944693,0.472457831162649,3.75006401917417,-4.41625176707158,8.15885053300189,17.7619213768433,13.0515882122762,-0.790895278866513
UMN3358_104,1.29950668055207,0.499701595504369,0.948359253441104,3.60162828388035,-4.30279336925803,8.07097735060325,0.48988477832951,1.13474091885556,7.49311297568464
UMN3358_105,1.25053207236423,0.49986802620441,0.561869106626333,3.62534444857326,3.9906175912973,-1.86137222205401,5.83931785597523,4.96604681533399,0.783370211482657
UMN3358_106,1.403582566046,0.498843016427636,0.0129144654621252,3.44202687870435,0.199345715749853,8.9224637448261,1.7653221025678,-10.4631796567396,-4.4483805446531
UMN3358_107,1.33977819048047,0.498527827697689,0.00576216572764434,3.36750798407135,-14.0981723694923,-3.0343487766415,-7.97885328608713,6.79295798575411,-0.794704020691331
UMN3358_108,1.00179987161397,0.499561947357501,0.0577919593314454,3.53346986231807,-0.774624192365264,-6.1197251013462,3.17859190621456,-1.8106171315713,-3.42891354448223
UMN3358_109,1.28817374622384,0.498936400926581,0.448692219195102,3.01958864161566,-1.06791384139828,11.7296650273468,4.93250876253533,-7.30606113704816,-0.0467545307488785
UMN3358_11,1.3038776854135,0.49961035896445,1.04783915169932,2.73644972302999,-4.76482928841596,9.02380008233027,0.682653008568525,2.63238608328081,1.41879110734738
UMN3358_112,1.45403719371862,0.500603844147111,0.412332571045702,3.32957463561986,5.32974862095529,2.21812167834356,0.0578508402946969,0.0948178207118767,0.150615737303351
UMN3358_113,1.88933678248907,0.49966531978114,-0.00491870476266404,4.79694617987049,-4.52248894537024,3.90835222016347,5.53216179318649,2.02235822536174,4.62378809540265
UMN3358_12,0.997493536378801,0.499550670698816,-0.0310113874951232,2.68397307943415,-9.81007231815086,0.539784598558047,3.01368300685491,1.60467165016221,3.73862266831914
UMN3358_13,1.17390844886453,0.499715784518168,0.452182342033673,4.21619947949912,-16.2459873009439,-3.83850275958122,-3.97548447185431,-2.47791371968623,-7.17017977084304
UMN3358_14,1.30748499770036,0.500115379785178,-0.049694756267784,2.64512839663312,-7.73258496932687,-2.16596943070976,9.06248970522967,-1.37363180420885,-4.25731497448132
UMN3358_15,1.69881660457382,0.499945158934061,0.52491229131831,2.59447177264536,-2.12724198053304,0.342061380887427,5.50105591108295,0.414123063496652,-4.43679288366113
UMN3358_16,1.39878747558887,0.499938105686664,0.481387062664258,2.14037150492713,-3.84751733039781,4.42571013951534,-1.1300508892333,-2.70682650430476,-1.89381757015294
UMN3358_17,1.60198102438181,0.499428196365324,0.475438020898432,3.21748432810382,-9.75072277568758,-2.71827904083728,1.77426002841344,1.47520165703587,6.90289547395244
UMN3358_18,1.42088110724391,0.500727762700085,-0.0641909502498909,3.35283282172657,-11.360682532866,12.3028850933038,5.6270729396735,4.86288610228806,-3.59210688260434
UMN3358_19,1.45486484359765,0.497183761681372,0.972276288311625,3.82004982004789,-2.23621559560189,-0.286519143404035,1.43643263726958,-1.53511192759208,0.528075938845309
UMN3358_2,1.0719900622715,0.500001563130944,0.459515971836716,3.37389393935478,-9.35177913114161,-1.84943522036236,6.08224142785864,-5.46464681893266,-2.20121335133646
UMN3358_20,1.49537493018802,0.499308896588776,0.533375364065969,4.48664561867475,-5.602908948938,1.8575277785009,3.07967887433896,6.61969498938105,2.40904417122312
UMN3358_21,1.72552698432959,0.499044773626175,0.929486092296728,3.55030467926933,-6.38084989065377,11.1084052537403,-7.90285998296512,2.44907639125938,-3.36814918950031
UMN3358_22,1.1447038929825,0.499534397670422,0.0606977329321405,3.85612886870795,-13.9672674745775,-8.06097427723,5.82413917451858,4.95151908456299,1.85015060137322
UMN3358_23,1.29965093826724,0.500106773043335,1.01166845043526,1.60314993809826,-15.6269920784396,3.55211810717152,-5.76084915040308,4.18114436581982,-3.24076933440495
UMN3358_24,1.33601203015701,0.499983738637955,0.968437863042405,3.02293494064778,-8.17568677259534,6.41274664339401,-5.64945030019262,-3.44480624629058,-3.82258390972973
UMN3358_26,1.65209105486321,0.500594726802217,-0.0357728126778838,4.05710310522863,-5.41212331834385,3.17215756225121,-2.24450864639697,-5.85728632940679,3.34976480226635
UMN3358_27,1.65784431192283,0.499706575746177,-0.012540875253852,3.44233824916094,-9.21854943790995,3.81062009539187,0.586136383326843,-1.98935665626377,-1.53392295401619
UMN3358_28,1.49262229395393,0.499466853244767,0.942549043515359,2.93114622986648,-6.49547665463322,10.6704323912583,5.16298639391903,-1.48934414191258,3.25340334893888
UMN3358_3,1.67973384079704,0.499859556747903,1.05009344180815,4.2612835480665,-3.94431139128915,10.7394503586785,6.03975932070563,4.55770659864799,-2.14074966309393
UMN3358_30,1.05637586958939,0.49996074883567,0.64440913600761,1.84004352542269,-11.5581885993619,3.43385240712955,2.03682197039636,-2.92754512462239,4.51920529891675
UMN3358_31,1.17454538421824,0.499505910133811,1.06693473918481,4.24998298105151,-10.0323832474011,7.03051076445561,3.73109276950309,3.47352298645973,5.83700357231011
UMN3358_32,1.714301068392,0.500996609427252,0.97268803968978,2.10767160489775,-7.55173718127223,3.3605940322289,4.87531432937318,-4.38592386352169,-2.30355256602385
UMN3358_33,1.46478308655343,0.499693885134791,0.929313554659752,2.39297344607934,-3.6115883763805,7.58835412317034,-5.14962844954218,-4.003947387345,-5.93698548905545
UMN3358_34,1.83409664463276,0.499928537967767,0.503435167333499,4.17608587041557,-16.6442339975411,3.31166521863803,-8.28104496148575,5.78694105911993,-6.58679944279773
UMN3358_35,1.59061840823226,0.499678539847275,0.98521840163826,3.98102695326315,-8.53716078497231,-4.78206214807702,5.06171058629245,-0.480383364573789,5.0544005469921
UMN3358_37,1.65659589653019,0.499837836901414,0.949818898516964,4.04115080060203,-22.0517794792697,-14.0950363985503,-5.33516027416101,3.39330492396413,7.01063405127294
UMN3358_38,1.79610207677965,0.50076651132497,0.958740371466451,4.12766049676887,-4.17004556167829,3.88618287789825,0.744595390327195,0.865178257030933,-7.24680378309271
UMN3358_39,1.58161360034189,0.500239287013003,0.938675348886776,3.80907157509255,0.1407162022901,7.70207498046594,3.35286909898945,3.27800795777769,1.33032075931517
UMN3358_40,1.21018970091233,0.499583895277276,0.535973151017485,2.03346130523992,-2.90328062160681,6.34610135173579,-0.610884976153223,-1.42154729257333,-0.67538176865128
UMN3358_41,1.35069962641464,0.499027022972021,-0.00471378507265377,2.40387622952584,-12.7256350422931,-6.72570754835247,-1.2064953271633,-3.63666933634443,4.75611686851262
UMN3358_42,1.36859976251806,0.499629984740846,0.993315260959627,3.70581232618158,-3.36227923047828,-1.10879991900915,3.20446800254861,-1.16464008478089,-0.0701584326617426
UMN3358_43,1.33730513982514,0.500460459285229,1.0094504747802,3.05700187222208,-11.259816026592,0.679972518691385,-4.73841440600087,-5.33619892212784,-5.19719263537112
UMN3358_44,1.30026498760094,0.499949841414746,1.02527867800481,3.20681607213551,-11.0922183436953,12.7336343374908,-4.13389998417746,4.64204566095492,-11.1051048568518
UMN3358_45,1.33300476372032,0.499911465608037,1.01047288124417,3.52100495539017,-9.97198567250158,8.47734377281633,-5.3162714754566,4.37429785235238,-5.00466244703969
UMN3358_46,1.04226907719702,0.499540247666651,0.525296645456649,3.09983898786575,-8.06573426048307,-2.96276732336504,1.97461258898126,1.98273299515455,-3.53350321665566
UMN3358_47,1.44468432058001,0.49938649241217,0.982994773185764,2.84309017062921,-6.81058197035074,10.2329749503287,11.233379853918,10.7519854185755,-4.35980120814496
UMN3358_48,1.67084912959969,0.499255876971924,1.06443696652861,4.3008954774281,-13.7746410157852,6.7759109755708,-3.20758436674931,-1.08295688380355,-3.20302586281523
UMN3358_5,1.63927860368227,0.500610100246071,0.948904125641161,3.64337943524659,-17.3670443931382,-0.599710255230357,-13.0796630802216,4.35408218367047,-7.31195500408098
UMN3358_50,1.5941281845496,0.500009962365392,0.987878155906562,3.21968745522526,-1.70874487872053,8.89057512690495,6.88490078800844,0.694280038845675,2.7570095894855
UMN3358_51,1.81155546250232,0.499148498857751,0.992271358036778,3.52837035393269,-6.37769441606811,7.3271672120894,5.64680723472359,1.93918366333862,-4.34155546308913
UMN3358_52,1.04930802575984,0.500059233340564,1.10213412043633,2.85999639665469,-3.84081563371668,5.66963606494968,-0.530225454967989,-0.403790464771687,-2.75360773952145
UMN3358_53,1.45158190880109,0.500506016804845,0.974278193042691,2.52041232112061,-7.82410994122046,4.40117626646012,-1.72207710342396,-4.60200381652671,3.42173395852579
UMN3358_55,1.04938090238092,0.499982848634555,0.557067399583634,3.37251921780264,-4.84364139808331,5.14955080394625,0.521527292277083,-6.03047698636683,-3.61124339659882
UMN3358_57,1.75703249413277,0.499362927879795,0.554726763398146,3.99024707415466,-2.70776205618153,8.39996221517872,3.36570642229184,-2.44192200675304,-4.24532534938576
UMN3358_58,1.81713932985271,0.499852448824191,1.01949701903567,3.24006966437734,-7.71878506346667,10.3662339713761,-4.81269812476299,5.53915038280213,-6.25803056896873
UMN3358_59,1.26027728806133,0.499439366867633,-0.0404259161794042,2.76550401094406,-2.97118532456394,4.62059549522344,-2.91588105770749,-0.666049488930232,-4.21700369008387
UMN3358_60,1.61157007492547,0.500021499087655,1.03861889584908,2.2296961292281,-15.0175586324257,6.5430527312653,-4.90335290729033,-0.9887651028638,-8.88171647704185
UMN3358_61,1.73916798349202,0.499270445224844,1.01020469369795,3.86083497903325,-5.40689111778461,10.6663508869534,2.73561933058395,-0.48397011786579,0.389222884857937
UMN3358_62,1.46544306947769,0.491579500617111,1.03047374143164,3.3842580515875,-6.96793086738627,10.3047474334344,-10.6397316871851,4.45682383600707,-4.60176383323904
UMN3358_63,1.55034541300576,0.49983527645955,0.453694669724903,3.08015490076582,-2.82148833393861,6.57503030136465,-2.66925107535244,-0.549677780674901,-5.09624745338266
UMN3358_64,1.31090665252742,0.499666651163697,0.516095550625277,2.94670163782744,-4.64224966107915,1.73351997353988,-0.854456434657877,-0.591565665549233,-2.30850671075189
UMN3358_65,1.6253855253946,0.499659078144652,0.000510568933955371,3.02127465459866,-5.30542607842681,4.80550030347754,-0.894303482279812,-1.74124539090239,1.43889402849267
UMN3358_67,1.34508861685495,0.500022569115649,-0.0405957318355765,3.09297375152276,-10.540020719351,4.82464988636229,-2.64791521191724,4.0637932975748,-1.8472570636698
UMN3358_68,1.44360318413963,0.500400304684927,0.981030632442448,2.46978272734984,-6.74869981484023,7.80458656236242,5.97207721336665,-3.31982135017489,-0.355692817217435
UMN3358_69,1.12324337232723,0.499803349514854,0.981481957993761,3.80931881772228,-10.5100627487191,13.8387689033268,-6.63892987275267,4.14591493271945,-7.42997039684217
UMN3358_7,1.47996574063715,0.499259991197083,0.012232177743591,2.92856865197956,-10.2357770784943,-6.07336585693004,-2.98784280812944,0.738013459194848,4.31310555865324
UMN3358_70,1.20558647149691,0.499695524691631,0.969531453134234,2.72946954454781,-11.3984670990746,2.69282230005425,-0.688579418932425,6.91036565460739,-2.03589707581772
UMN3358_71,1.1688734187714,0.499666562263147,1.00382693341546,4.09274020108924,-6.22148859893678,9.44948452603457,7.50116220145646,-2.14957106751055,-2.62041016246084
UMN3358_72,1.36385317928001,0.499151000329909,-0.00829624561018626,3.45185696493848,-3.95015912743312,8.59044765371271,10.6092075734209,-5.34004721823343,1.85965921127303
UMN3358_73,1.35197783771241,0.500233421388463,0.941222562415204,3.56163614846061,-13.3823742979069,-1.63163454708508,-7.31191935663627,-2.1823478666997,-7.94607584486823
UMN3358_74,1.3458939234113,0.50000201096522,0.94154310571143,2.97990071421769,-7.18981381005943,11.6852952639264,-5.43756521120858,1.69459734837492,-2.18377305405668
UMN3358_75,1.85359345723336,0.500068376548514,0.478332395427124,3.08166096875933,-3.33700537519903,8.73370357155377,-1.14587591566923,-0.675638055792514,-4.05960904961243
UMN3358_76,2.06119100955289,0.500147870402247,0.971075759220948,4.71726152245212,-13.2856450528221,-3.46469085472145,-6.19460874862375,-3.58752081483933,0.906009127628815
UMN3358_77,1.47366205597101,0.499859856491976,0.988182943527677,4.17424221211107,0.398370384774715,5.7319451982632,-0.18612704038435,0.617027346478778,-2.32761891608283
UMN3358_78,1.29767726197787,0.499875948745133,0.474670552050201,2.81482033141705,-6.33871194784847,8.13084554486671,-1.15379858530392,5.74186063188099,-1.12451755407907
UMN3358_8,1.10142050474336,0.499017759335295,0.98323484974785,3.17198878207783,-5.06000538142777,4.87216263932809,-3.50486260065396,-4.7834453493323,-0.213717787426483
UMN3358_80,1.31044238985443,0.499053798722004,0.0061781142398226,3.30251670543741,-3.018635889728,-3.05679718551573,5.08578143978795,1.9198237949877,0.311565208431307
UMN3358_81,1.19947409285042,0.4996172029199,-0.019142442589328,2.48098876641935,-7.87891173048497,3.36711127434401,-2.38308484895058,4.74001746888914,-3.5623105007228
UMN3358_82,1.95760181382221,0.499598744572525,0.502369608541687,2.91734279778695,-2.71146320969197,9.72615524889107,9.67225293749723,-7.55725013495951,-2.21243450535803
UMN3358_83,1.50998556658986,0.499552165406356,0.0762252905037978,4.07976472158048,-6.58097362917837,1.46448117747968,1.32401060535284,-0.963691914070163,-0.975004286091019
UMN3358_84,1.26731164182494,0.50063988729011,1.01578823840283,3.08111022322679,-12.2739273788412,-0.648965687065997,-8.07224605044076,0.667720646658855,-6.41320652463023
UMN3358_85,1.30969495332833,0.499626003104254,0.570385720930737,3.04741919531603,-6.55390090339345,7.01998684565728,10.7575251263222,2.80472433507715,1.63971987502651
UMN3358_86,1.24009166914998,0.499748859359266,0.53834662744577,2.85510163653963,-7.63367350798578,3.42065277533189,2.62224633669663,-5.83999946132989,-3.57629603821682
UMN3358_87,1.10378120597611,0.499999786390424,1.0360410926461,2.86005050352259,-19.3928001999853,-7.05714644957692,-3.63266313565045,-2.36663445670155,2.28923844148155
UMN3358_88,1.30183461697176,0.500514949360509,0.395755243462152,3.07356387450012,-7.67363555493217,8.36138130694609,3.94273598932414,-1.68787018910149,-6.32005017829466
UMN3358_9,1.82444841748004,0.499278804723251,0.979334694732252,3.81461158853826,-5.20822453542593,3.20659686463768,-5.55957440312593,4.19568495314784,-2.50876883687945
UMN3358_90,1.47298313174568,0.492001761742544,1.09643383425866,3.12534373682175,-10.7279950797239,0.0323596002867426,-0.96550303814173,2.24288095872515,1.91643566942964
UMN3358_91,0.97450530006794,0.499104523128828,-0.0160338684227307,2.79157516106725,-0.54561337598915,2.11805419389207,8.38721552609468,4.41096825809335,-4.15681957983439
UMN3358_92,1.69055247287542,0.50007032508662,0.501672631954159,2.51663695818262,-5.64077868712761,11.8966059213425,1.70178962759216,4.57726099256599,0.918589074342683
UMN3358_93,1.46792658561349,0.500621379256614,0.928992517920573,2.53697370192068,-11.0342480525699,7.71906778291722,-7.42423111098985,7.32414665673988,-6.75368729901229
UMN3358_94,1.3337379845123,0.499728381087777,0.00139261677510404,2.78862538970878,-1.60915596048707,7.21909994337039,8.87301544653591,-1.30274979118575,-2.61090926968445
UMN3358_95,1.40847303416577,0.498029857164043,0.627412047912735,3.67637773898611,-13.8374347907366,0.977248789073629,-6.87150536797838,3.79303793954443,3.19570842541405
UMN3358_96,1.22619109686562,0.499851427972467,0.90582251390316,3.2605786894076,-12.3909795783428,2.0995525107495,10.9404517312316,13.4914272863131,6.72477006067057
UMN3358_97,1.29603675029929,0.500230225882513,1.04170949716018,2.83305879087774,-9.66488522834958,9.17383636854462,-16.4005962294099,4.1246693560198,-12.854206815119
UMN3358_98,1.11250336425274,0.499309076349953,0.43289756618984,3.86673272817964,-14.5140838920762,-3.75741094639452,1.57790147494611,5.57053927865255,10.0601896306481
UMN3358_99,1.37531555954639,0.49998512075079,0.0507836591573212,3.39636013374492,-11.6362160496482,2.20806301287834,7.40408979189707,10.1228631135898,8.14237591528178
UMN4016_1,1.57123602207207,0.499759346872366,0.0214133255184548,3.18476054334347,11.2184038330327,-7.27843588217234,0.170759283832628,-1.47652462103947,-0.809195386035888
UMN4016_100,1.82885882312929,0.501241626552886,1.04932732119877,3.23806972111232,3.7930276025427,-4.8474620448006,1.83357585368949,-8.57011009782567,2.27598811700788
UMN4016_101,1.65112927522383,0.499669290564201,1.0070089009701,3.22502486128768,9.96844004837151,-2.37615899485225,5.71777474333483,-6.671502842124,-1.28673787397767
UMN4016_103,1.54286708593012,0.500243927267091,0.0317447569065992,4.40439036098858,9.79606980449507,-3.12961940790399,5.98063655249841,-4.82690466534608,-2.49463692988137
UMN4016_104,1.28617795338825,0.499500085501668,0.894526047326615,2.89343166774088,9.36238340793138,-3.55314746215795,-3.17008178295683,1.72124877587878,-8.8124122889814
UMN4016_105,1.65551262135583,0.500006765892331,0.962397118688702,3.17433557612639,5.63256582775242,-2.10454222449899,-10.2118204337524,6.03549370029133,-11.6965911449687
UMN4016_106,1.41283197801002,0.499917586594055,0.538466660840124,3.36190822818838,13.5336362144873,-3.8560820079024,-1.40528811424796,-4.47750991216792,-1.33126437045724
UMN4016_107,1.90057079270721,0.499807594310872,0.939087696694257,3.53097827243616,8.49735473486069,1.182602253039,-4.03483818224955,-0.590540405134151,-4.15068873608588
UMN4016_108,1.67434498302138,0.499346718514538,-0.0224378948939252,4.02414855502518,5.05926377499796,-3.17347234381576,-0.303976920001132,-5.87957616659707,3.8187564833002
UMN4016_109,1.92914901209808,0.499543775319033,0.973192825058434,2.98604182665175,9.4703953749735,-5.17893624891015,-2.65594694510627,0.925941450380644,-2.0677828176881
UMN4016_11,1.40255313668056,0.499657397730938,0.459669614530165,2.64212901664897,10.0297007710734,-7.11776582942488,8.05744193742574,-16.772869142328,-5.06295780773856
UMN4016_110,1.3353428406076,0.499097999387706,1.07736184350261,3.13784421872999,13.0585438398238,-5.86278905574041,-4.67530195375627,4.84393066913415,-7.4359540585543
UMN4016_111,1.32369673572177,0.499307700148118,0.895755992735818,3.24306623432365,8.68840811057754,-2.44608628654661,-1.0595920219112,-2.24642875729558,1.9266508673479
UMN4016_112,1.73981771660123,0.499901323009643,-0.00454080252467721,1.85764609682128,9.78450393216018,-2.16316776459882,5.19682472881652,4.57366987918499,3.10110385047008
UMN4016_113,1.28237193103943,0.499208635347983,0.0113376537720347,3.21205137014447,9.86870278706185,-4.42566872278748,-1.05337771982237,-5.78883025015346,-6.99706209446158
UMN4016_114,1.46556400944351,0.498995686755927,0.55275443483956,3.60731889465723,9.37543439077064,-6.24790459723003,-5.83492425421162,0.636324602062714,-5.52734777930012
UMN4016_117,1.41358710265825,0.499495955283232,0.587338007191823,3.57118696690523,7.26258809969453,-4.15445968949168,-2.50200592193117,2.78142249462384,-2.11409332898925
UMN4016_12,1.39188224182769,0.499589799389813,0.054550826493875,3.27355172786702,5.18008767935843,-2.45982088879512,2.89449555449646,-3.58290492292912,2.75603452492314
UMN4016_120,1.5090456866457,0.499781428254494,0.0603672504203736,2.71364918492062,12.5952242540755,-4.84150963356586,-2.96997302658912,-1.80134260932371,-16.5111412433285
UMN4016_122,1.56857433094001,0.500669961852329,-0.0144309878726986,2.25662578974984,8.77447981246969,-1.90207395681585,3.31954011654397,0.103825809242237,-0.324878079356055
UMN4016_125,1.81872558865819,0.499223389628189,-0.0183597786711283,3.8921325856359,7.34652989969864,-7.20167271507223,1.27947443723416,-0.594474340489864,6.43337273317352
UMN4016_126,1.71840994044641,0.503295242725729,1.00860663590819,3.28725272242206,7.28112419197909,0.535828548880171,2.84313440279053,-1.01183396749276,2.49373396171543
UMN4016_128,1.95835850917005,0.499664379545163,0.594615819782863,3.47179549213773,10.320066167799,1.5633473427743,2.37818404460708,-4.03099218738841,-0.288419599835135
UMN4016_129,1.17882271852248,0.49851997201908,1.06014118011726,2.09491016942258,8.73855655708632,-9.88925546850152,5.0152420076821,-2.64360591944055,6.23294039538482
UMN4016_131,1.61371259064333,0.50045161393438,0.996264821017615,3.54720887502487,8.74495763838969,-0.0217192479569883,1.72613625619646,0.616981455284448,-2.34810550066879
UMN4016_132,1.33759218582128,0.500100139338795,0.52582356748006,2.93307380052564,4.55695810425027,-3.23328554871684,3.19504640947164,-0.596000486863724,-1.54170674989237
UMN4016_133,2.11389031759285,0.500157797195369,1.00477033570867,3.88812054790635,10.7019083052921,-8.00375850660477,-2.1216640396191,1.3417752660908,-5.14823827488933
UMN4016_134,1.53937740199246,0.49973097143489,0.538790229251274,4.42442865165396,11.2536604394806,-2.86481355380823,3.89482771603917,-1.12558527766701,-5.41628896582154
UMN4016_14,1.52843473613607,0.50002929382992,1.03029532629338,2.65075330573793,8.85175498361683,1.68751669069458,-0.258708657000575,-0.641183331879335,-10.9702428178192
UMN4016_15,0.90961314700264,0.500225095233119,1.0265616199655,3.21505718360077,12.0073537785604,-2.59605706122193,-2.32634429592951,-0.165693609596346,-7.31076542046602
UMN4016_16,1.68004985742305,0.498996535043658,1.03423224404402,4.36793491470825,10.4454062823254,-3.64728770039015,4.39403016362415,-3.86245654194031,-3.80084934057263
UMN4016_17,1.49267604923547,0.500697309832738,1.03071554935534,2.3657713202058,11.1512960664002,-8.93012999110946,3.3658268814481,-3.25229212922366,-4.03312350061841
UMN4016_18,1.70511156034081,0.497807057555654,0.0777485645328283,4.01922363448723,8.5523572602524,-3.82856267616087,-3.2285843543003,5.09196541361571,-12.103314949334
UMN4016_19,1.63087194600048,0.50026628669974,0.479888882521624,3.21236370833151,10.5932236363499,-5.74338845190357,2.47017751975721,3.32894713145893,-8.99972793215647
UMN4016_2,1.59643492393777,0.49966225558837,0.0127397955125518,2.23155463990861,13.6008662601127,-6.66916497223972,-1.35548886431217,3.35496127372077,-8.99352286507973
UMN4016_21,1.68610493065744,0.50007068896978,1.01928354188729,3.49005446686528,10.1351045123331,-2.09922550128434,0.623619313536931,0.695144672639031,0.433062756854073
UMN4016_24,1.8202713805781,0.499496223977205,0.552907002886704,3.20892794482143,8.62176093088049,-6.63617948786389,-0.604057552378197,-0.168322538297509,0.237432631778125
UMN4016_25,1.42451555763283,0.500380893591944,0.995409655314463,3.73944416854103,7.15552682732861,-2.91544482157689,-5.34212354281354,-4.45100253447439,4.1007151367557
UMN4016_26,1.65075036689231,0.498776356239,0.50621680073653,3.76572618160954,0.542290554343981,3.13197752884144,-6.8987693944499,6.94588994304403,0.771237734809161
UMN4016_27,1.92092804590736,0.500279269178737,0.500862712934335,3.57796638921187,6.44992979200919,-0.992992996866413,-2.21088513077055,0.968796002431961,1.82805341850762
UMN4016_29,1.73867353836661,0.500349227048517,0.526659575017023,2.7508786827105,10.5627290938211,-3.10007822410195,-4.80515463883977,2.3416088994706,-8.57979276977964
UMN4016_3,1.21079606020278,0.500024563573759,0.966087644269312,3.63931872863253,9.90988696361564,-7.79244819754435,-0.337219559380613,-5.42501585374866,-1.31387452465498
UMN4016_30,1.25416673520638,0.499724708351388,0.486866465570739,4.14698340569167,6.50988890543506,-6.68313645899207,3.76013633341106,-6.26179910131819,7.83154290370593
UMN4016_31,1.6137675919775,0.499545051613778,1.00960993080413,3.10559202332321,6.62994238060922,-4.85523819067866,-2.76313659488781,1.46600738305754,-1.24583638921094
UMN4016_32,1.80978482547596,0.501415057508883,1.04120530813323,2.58317165882626,12.3524450988576,-5.60325517404449,3.29271068495614,-3.67835860390038,1.94769630094884
UMN4016_34,1.66386249171713,0.500104142499647,0.998742731681555,3.46000608428534,5.95547370186564,1.52062787932774,2.08811907033425,4.42655994040744,5.96384668997037
UMN4016_35,1.60489235647433,0.502566755880671,0.0322392705854159,4.37871303891504,7.1223067246036,-2.30086183660071,-2.48826381214759,-3.37041244799038,3.81610337990049
UMN4016_36,1.86144482126774,0.499179589799639,0.445799017470376,2.5882316202646,6.04718714788321,-3.12240635160071,1.94617146624804,-3.99220751774764,-3.94239710815362
UMN4016_38,1.66638344689316,0.499742129701366,0.894654075690171,3.7393043827843,6.53251660432788,-0.765101790162188,-1.55175280505283,1.20012632110834,-3.01867464257919
UMN4016_4,1.87587547067963,0.500168427568575,0.494500505040166,3.28030967359441,7.52831198885036,-0.920462392615053,-2.56211977203588,6.87419568280844,-8.57588900891959
UMN4016_40,1.58667023701795,0.499320027827206,0.0119134660378584,3.17728270093477,8.9830784643717,-2.40369900750844,-1.25886751563874,-1.26173958940682,-5.04817613606817
UMN4016_41,1.35715752572725,0.49943444189201,0.477024259611556,2.86142597574326,8.44329710735515,-6.42388807686181,-4.05598911365708,5.54690558972154,-0.768480635329283
UMN4016_42,1.88338305109387,0.49985630959618,0.99729544844439,3.91070642375206,8.05568571857235,-5.73629692511572,2.36364716701156,-4.46929780972896,-1.39477280420224
UMN4016_43,1.42464219249575,0.499205700835353,0.465846615453864,3.72408880744415,7.67792678692776,-2.15729285845917,1.96560192409477,0.420153439629732,4.50236702017088
UMN4016_44,2.02114502743035,0.49983519938497,0.489237621273742,3.9581743863261,2.99731063968722,3.35765700992271,-4.91118231269692,2.21820234414414,-0.726769815142262
UMN4016_45,1.36157647433117,0.499989643960042,-0.0521147776784681,3.61407049396801,7.26891081468224,-0.583863966066952,-3.58447565872427,1.1153730305084,4.47438303958906
UMN4016_46,1.58255447717769,0.49990942802739,0.472774097659441,2.90076284896618,9.37233809424665,-3.35058768507359,2.1037487217111,-4.72441483635556,2.1944112912747
UMN4016_47,2.0964697280496,0.500516684186288,-0.000814692937744649,4.2100626713177,8.72276586670886,-2.22296467017972,-6.03088712440564,5.44046713093376,-8.32295721675003
UMN4016_48,2.08291278197738,0.501567949296252,0.482402493600865,4.58834721590488,10.8342059412608,-3.76664808264855,2.39633890460404,2.04079015322166,-1.266774148162
UMN4016_5,1.75401612114068,0.499855333941967,0.514926533022366,4.06618110270238,7.4326389321633,-7.57841419930542,0.137411917670947,0.777552475656116,1.57807427774142
UMN4016_50,1.32021722679993,0.499149350919426,0.479447848498386,3.11810464556965,7.82875512006166,-0.535680418476096,2.08262839223684,-3.28039703669036,4.39139047814662
UMN4016_51,1.50533321161444,0.499017056487165,0.993570111890734,2.41962800360729,4.22399150981839,4.20219026479712,-5.21647552121826,1.2730150776562,-5.92247417195877
UMN4016_53,1.37993740722846,0.500979210986412,0.40029641188481,3.30694791055679,8.25787248409058,-7.38340293066316,3.66816375271598,1.80426095064599,-3.17599878725067
UMN4016_54,1.67974929940241,0.49975455033273,1.03933885376562,3.28755204138146,1.60210021048878,2.19438208407822,-0.490469822694278,-4.46495174526927,7.13667444199031
UMN4016_55,1.58334195605893,0.500490154680947,0.937056896868212,3.41864842981182,1.94646506400216,3.53878290538386,-0.754138066467881,0.750456737191375,-8.91853461137847
UMN4016_56,1.35371923486664,0.499610035188092,0.47597730569279,2.95602276464999,7.56650098952672,-1.50849817754031,-1.99791335054811,1.84500060772599,3.56843549397501
UMN4016_58,0.981712376050305,0.499076291896961,0.937781630864765,3.0041933488937,9.60817588410581,-4.95878504232927,2.52472081888238,-4.82742966609937,-0.15314443589364
UMN4016_59,1.91193378436455,0.50051729537927,0.980659214283157,3.55097959525614,10.0618433680513,-6.99304563275944,3.3068366960062,-1.98894035941704,-4.30548512734244
UMN4016_6,1.94168527338035,0.499446164067138,1.06911847963805,3.64115263446507,9.71361838146897,-7.03108780587422,3.60654838833746,4.15212941405624,-5.1427805770732
UMN4016_60,1.2798470112582,0.499357124750681,1.00868238834841,2.89645040399096,6.2339434864149,-1.02245987603807,-0.314152200360579,-3.44137185062014,-0.494886668393215
UMN4016_65,1.57722428577322,0.49947470052899,0.00869617389960721,3.14179772212979,11.8211407632003,-4.85611920539078,-0.6644200493474,-0.668881905729864,-8.33101525336676
UMN4016_66,1.04116496547867,0.499463189324077,0.00912401072634544,3.29844266722643,10.6803797467158,-0.947227655000662,0.762013827422624,1.16350909301701,3.78914092493257
UMN4016_67,1.61180514249356,0.499990782545005,0.453630599986041,3.44237454782752,5.0107495119266,3.69195193409837,-3.32135809720646,3.0391670440305,1.02449800404444
UMN4016_68,1.64492303535799,0.49937178599053,-0.0124256263398187,3.69703510360597,11.5747458244782,-6.16437378383524,-6.71052693027111,3.15008666780558,-4.06119060846442
UMN4016_69,1.90869360474686,0.499446244269658,1.05289313662389,2.75338790537981,9.34100233199447,-1.61023121883842,1.64564745163699,-3.03488720751906,4.89554057694011
UMN4016_71,1.61758607370254,0.499351607762284,0.974146690723462,3.53365565772082,8.84689888959124,-3.84061964818188,0.456277609213375,-1.96110471608435,0.789338411976635
UMN4016_72,1.59726199836138,0.500135940781461,0.477066387496448,3.54787661914387,7.46416166124997,-2.40249530082222,-2.3131914698369,3.45891499730693,-2.53244296829917
UMN4016_73,1.86067897918053,0.501528526412496,0.990824021055571,3.46974817866042,4.58265415421292,-0.686167797129042,-5.1936639317694,7.13993403586757,-2.18255984459696
UMN4016_76,1.50736055230759,0.500017779449657,0.534207711006637,2.75361892796029,7.89031912758461,-5.01298177639969,-0.655085523774709,-0.776632893631682,-1.06919519789989
UMN4016_77,1.78421302855911,0.499581935512687,1.10700511673678,2.87487056899373,13.5196364937741,-5.29247356841261,3.40356474423682,-4.91488915962958,-5.79201155127504
UMN4016_78,1.3729988383395,0.499956097067577,0.946305833069282,3.08770471944804,8.83815121463881,1.50288722289793,2.6966723462269,0.710203031811559,3.55802696754815
UMN4016_79,1.74985733558109,0.500279961425861,0.501373404997282,2.15840882633056,7.90901650716671,-3.54358627788652,-4.87055258982093,1.50433365040293,-3.59807005471685
UMN4016_8,1.65839736457914,0.499745954746423,0.0143140346661255,2.31847031273034,5.03672639910703,-1.82656353974855,0.204024575199652,3.06489383067084,2.54514976184068
UMN4016_82,1.81979412413451,0.499929821282393,0.485281509235745,4.07100625863121,8.81209617391064,-2.64034389582549,0.81191211014973,-2.44987555877676,1.31423905484737
UMN4016_83,1.30239662024314,0.50246961074276,1.04441566916621,3.07628784197564,9.81996747510399,-5.60442905630437,-8.51197405909489,6.84557981249087,-4.07345211702271
UMN4016_84,1.66795003724338,0.500403495668604,0.494128295971151,3.45718706845551,-1.24546292545214,-5.41692505683814,-0.113333707796764,-0.603989616147418,1.58771518193969
UMN4016_85,1.29123894646583,0.499755718099364,0.0951961776396426,2.65961060850961,6.90000752214172,-1.24493477565796,-0.0756214890529675,-5.11054880794402,5.92537555306902
UMN4016_86,1.40115276237428,0.50219865690711,0.534448187761562,3.50777630463637,6.23428689608686,-1.54749831516833,0.809266151156128,-3.13061103841781,-3.9490641890852
UMN4016_87,1.40030791584185,0.499399702319763,-0.00746608648561977,3.18149473481353,11.4841688338337,-3.72408773891431,3.14785800963098,-3.06432620787984,-10.300924647173
UMN4016_88,1.68410841137036,0.500250591771828,0.581065877155878,2.03459542076233,10.6798848445355,-4.17930386288918,1.6491993925623,3.23144956175055,-9.23008313779912
UMN4016_9,1.71409745391653,0.499569736314949,0.991302000327186,2.07850718697339,7.71597151827879,-2.91947244480179,-1.12691562373666,-6.12594378188224,0.129314935287272
UMN4016_90,1.35421725332312,0.498823866533413,0.964369256495718,3.14690151918277,9.13643632122132,-4.67400566901158,-4.87418178692015,3.23848525920439,-0.410418534950786
UMN4016_91,2.11433166209757,0.499624452717483,0.497394309741112,3.67662382168403,13.8443983417582,-6.23612522651078,7.53707781735529,-0.981751053696754,-3.26184071110758
UMN4016_92,1.67577941585701,0.500836404097371,0.564571116409719,3.42023801581845,7.00012108925978,-2.86205332987114,-2.58905721242259,-2.0815070519894,6.07564296893475
UMN4016_94,1.28331540816899,0.500013480000815,0.462752387266334,2.89079642870453,4.32937328941094,1.21009584970968,-10.5160082510243,12.2869984917428,-2.23428606198128
UMN4016_95,1.40217560535341,0.499405087609609,0.031853220381921,3.35075448792267,10.7009363468725,-6.46388445180027,-3.31584009918072,1.60506219534446,-7.84887508214355
UMN4016_96,1.53439133768221,0.495889973405671,0.490885748773618,4.17955019662112,9.93167252752991,-0.693274685090098,1.31288028362512,-0.197325322704865,-0.366180014059425
UMN4016_97,1.72617101526534,0.500675697633268,-0.00238891847330111,3.51164625326175,8.93866226040331,-5.91043210827175,4.33269048885374,-2.84706512716997,-5.33129288845108
UMN4016_98,1.98997751601535,0.499841507614678,0.919230801201212,3.8798596218442,10.4920879054837,-3.40645155535845,-0.74086191617951,3.05602958594298,-0.762276917375772
UMN4016_99,1.65407401570801,0.499948698829587,0.57711870278519,3.28220493299808,7.4239599356525,1.72950216092456,-0.638758753152535,-3.60267281974676,3.46613828705206
UMN4351_1,1.64929125059972,0.500016797923123,0.443556805788107,3.15054072672178,-17.9236482670413,-5.93788410315808,-8.37960279158616,1.68099767013221,-7.76681933868093
UMN4351_10,1.17596992178758,0.499387142619727,0.50736333410119,3.77200617365644,-15.5900917474927,-10.9020592899077,10.5281271440523,8.17117587431435,-5.44426694157747
UMN4351_101,0.977917866406085,0.500090024790033,1.04174862803622,2.77126404630308,-26.9972012994706,-11.1726394628359,-10.6723824911827,2.70459411350931,-7.63236181442579
UMN4351_102,1.21414870212981,0.498810859991809,0.541697350343122,3.97853040677348,-17.4890233991375,5.30092719989883,13.1486181162746,6.77801723111432,2.40271251113008
UMN4351_103,1.16517303753872,0.500155177452791,1.03735948728303,3.58217168006983,-16.8085318593843,-23.9528176047825,9.37537962580453,8.01894545941488,-1.02046399014742
UMN4351_105,1.46848463896959,0.499634922525762,0.0223888318231214,4.04791639983743,-11.9659762790134,19.2513675340086,8.11488060774633,5.78002443528231,-1.12749787738294
UMN4351_107,1.81155743459032,0.499484792919302,0.0571948770686249,2.88978104170504,-14.7824648118876,-26.0734986279073,3.7468252257187,7.54771424686842,9.20108682447079
UMN4351_108,1.10639896698598,0.499288446877919,0.526431687204374,3.64790590926653,-14.5751502447391,8.42004777536533,-4.58530861166755,-11.7447490923669,-12.213573602787
UMN4351_109,1.62368496672902,0.499761029947073,0.517010964392227,3.78584034838676,-16.7243350093534,-21.2513210223085,10.6930649271704,9.0274104233119,4.698904317382
UMN4351_11,1.41777376475026,0.499064160422302,-0.0919222704956289,3.27812880475341,-13.2413330383403,-1.42171087539892,25.4219434778713,15.138496661108,5.7553600338047
UMN4351_112,1.11084852061123,0.499846124455363,-0.0441108244641581,3.48711396585378,-16.6009043025999,-9.14830872191877,16.9694821934533,-10.9522822669517,-8.37178750239993
UMN4351_113,1.07559463100532,0.49921897740304,0.0250577789308381,3.35104991881681,-12.0187364308786,8.76143643523607,-15.2226099240577,-7.80823335267733,-2.0609699920102
UMN4351_117,1.35274563792146,0.498765647739352,-0.0344553293849463,4.07295062036219,-10.9303096305083,12.6158448938261,27.8605693649131,-4.81225086100982,-1.07361277513961
UMN4351_118,1.77011042931074,0.499256789583327,1.00117374321861,4.25010902797612,-5.18078662475574,3.81202345186262,23.699290321136,15.2726258137999,4.9943165134055
UMN4351_119,1.3988550279628,0.5013157862733,0.97590524631156,3.55760650378279,-17.4415599896368,-17.7579355843114,-0.0727933184544394,7.68958688539372,1.80911367256064
UMN4351_12,1.05336062069954,0.500338523021463,0.902616790166932,3.51912545808225,-18.0804632331921,-12.17710249886,-3.69684569271615,11.4082683517866,0.671610136815782
UMN4351_120,1.18879809141201,0.500412082021768,1.04540436012804,3.71272978466175,-6.8484422813629,16.8187658635716,15.4513650521465,12.8806938271627,3.38024976213574
UMN4351_121,1.93267606699098,0.499486758628047,1.00012851343584,3.55187276003277,-14.7200555503757,-4.11714024204779,-5.33206947166897,6.52710165716184,-10.6695034771789
UMN4351_124,1.22600157306775,0.499231544105204,0.0504584524255753,2.79327047678656,-14.982413785222,8.8777204164905,18.7280754869363,4.18163506328961,-3.28574832821985
UMN4351_126,1.91382220918731,0.499601530209253,0.464374764861981,3.64964138695474,-16.3135879460608,-21.5019955999528,-0.0446365952956926,11.7128658256406,5.95694274012378
UMN4351_13,1.09626228317157,0.498946469052697,0.940667674192496,3.28939620497674,-14.4215600742478,7.0175160145833,-5.55911178774539,-12.0476733916441,-6.73874879495837
UMN4351_14,1.25090290331263,0.500020035881341,0.559467431029664,2.98712642060696,-16.9653503274496,-18.1546065793246,-0.714442459053106,6.4838080507957,-3.44949544016321
UMN4351_15,1.68542139612916,0.499506231832341,1.02322682474855,3.66908885564745,-19.8273895959607,-24.813469463427,3.3654401405795,7.9090667785053,-1.01287727532997
UMN4351_17,1.29517651333664,0.499780955662291,0.0563411086781036,2.64338015560344,-2.71798479026748,-2.56386523245933,-7.47434714536606,-10.165580774561,13.0103190377665
UMN4351_18,1.80128395958485,0.498895205942625,0.950866224779891,4.13052809836887,-8.38845032395719,-1.86151221651223,12.7874481200448,-19.181342894778,-7.95125624561208
UMN4351_2,1.3148315927371,0.500022014877961,0.490542897140353,2.67462212491305,-20.1473384780613,-13.1498362749007,7.89251093952815,-5.69036972781793,2.74967263159433
UMN4351_20,1.47158615073739,0.499719271371263,1.01124687351746,2.70558274835021,-12.4233349928917,13.7254879429954,26.4915449410859,-2.93922318245157,-1.79226976707692
UMN4351_21,1.04023527955841,0.499919423629042,0.499280768519629,2.9273744252978,-18.1611753135141,3.05130621322585,5.04549819768601,-13.7898286521349,-8.62850897043019
UMN4351_22,1.16593588431323,0.49972268280506,0.00607893804923289,2.48254997219157,-9.33828124385499,2.14092063738906,-2.75157831386422,-7.268402813738,-3.63152875929744
UMN4351_23,1.15992140559019,0.499187509049206,0.0296950062784172,3.87675427069037,-17.4991041709919,-13.4998381959433,5.81257836280986,-5.54171944497029,-7.47231165256332
UMN4351_24,1.45528108787971,0.4989834180631,0.0645680666544188,3.81903260274369,-8.15431986785695,-0.654956874178994,16.8907500183447,10.0169782397541,0.700881137287398
UMN4351_25,0.994208861962602,0.499682565540422,0.49284587973365,2.77779984336653,-17.9804482121332,-9.30619782563598,-5.64337131427881,-0.811431722446319,-5.23780335587587
UMN4351_26,1.19197053844289,0.499366303711949,1.05170908150709,3.97840087120238,-6.44156612985856,-7.30532119511801,6.25092503418044,8.0197926584459,-5.42735704262159
UMN4351_27,0.895632730901383,0.499950217147257,0.0230233225586421,2.91151917410976,-14.4376752050467,9.64483088032497,16.8801706090463,2.83615070664715,-5.58385848669206
UMN4351_29,1.08387272695831,0.499972106171821,0.530242262813568,3.576478063846,-17.0787081959693,3.35129824808802,16.7098223539137,11.9051066171102,1.73619189264278
UMN4351_3,1.22166075474396,0.500822806820871,-0.110768141420489,4.33687420297567,-12.9869358045929,6.26308134149644,-2.22817043624433,-4.95059324296187,-0.870405293324868
UMN4351_30,1.53350001580204,0.499104975380668,0.470036118076923,3.89431268770678,-14.9781743706694,-14.1258480007939,-1.85098414973348,3.15818031043058,2.21359108353453
UMN4351_31,1.09785908192322,0.500251925287328,0.0143872504761071,3.21701276987506,-14.0138635923879,6.47195698418032,9.30644008250886,9.47445494235585,5.05905961407266
UMN4351_32,1.18009322784469,0.499987845008806,0.499698042284724,2.62830802880432,-15.4247077201113,6.29764455906958,-9.02233492111772,-5.36343909192896,1.94542417442038
UMN4351_33,1.27264541616169,0.498497124462545,0.944954400226275,2.61873112042206,-15.0831517462154,-3.58530358082474,4.14306618322984,-12.0043321704315,-8.75672965979226
UMN4351_34,1.38183797041274,0.500335667709075,0.0188686330996926,3.72160441958673,-11.21494305847,-9.63528043854942,13.9370066447914,-14.2024104483141,-3.24576520276418
UMN4351_36,1.33500579452467,0.499738285703372,0.121081063734529,2.89866145685747,-10.0183547602886,7.49165895655805,10.0674103279149,-9.39230187749497,-6.05540401849033
UMN4351_37,1.56218647814503,0.498952031084438,0.972867728931375,3.24760070751487,-19.5681808938048,-17.0002576297436,-2.23005883985228,-2.1385372754612,9.45814069422906
UMN4351_38,1.16879461432723,0.499600849416569,0.0605185301110282,2.38819499995327,-10.2018800760743,-18.0457799343326,9.70584988367966,0.192350030236595,-4.67963165131152
UMN4351_39,1.40403369447754,0.499686129275795,0.482427651695055,4.09484008209148,-6.18275625249608,-5.83533036015266,8.5647005301031,0.442541835316412,20.6282391110171
UMN4351_4,1.05338780392761,0.499839399731865,1.04802510146146,3.5281514535106,-21.7154688791682,-6.8531370452795,4.04147102426259,-0.804968402923552,0.829242357403845
UMN4351_41,1.64587301639695,0.499831839604863,0.545210213160094,2.93690012539009,-17.6169771538991,0.734594555140301,-6.79551404212616,13.9880925644293,-8.16281979866325
UMN4351_42,1.28881035601184,0.499715408973494,1.0487345469791,2.99203590655682,-15.0527766054589,-9.3528576566854,-4.24201512561507,3.7484489784866,1.85798278183212
UMN4351_43,1.8205983856772,0.506473174488173,1.00175861207215,4.3235514537067,-8.85909580078877,21.7997477348646,-16.1268857390243,-14.7660084052522,-0.663040728262083
UMN4351_44,1.5298426201556,0.500840692618876,0.92762150630345,4.31688716846707,-15.6597896199604,3.99203636779781,-12.7172900020865,-5.55557076869169,-6.59085597840821
UMN4351_45,1.46491757516489,0.499969514833644,1.00867818563422,2.06996194947483,-14.8941273183292,-5.11166340096573,-1.63779288220073,-0.28659085084488,-7.60758136523522
UMN4351_46,1.11458279626533,0.500266274796581,-0.00581092912657187,3.54333645562739,-16.2345359230054,-8.31081093594376,-2.15043276281463,-14.4561605882913,1.45155748455588
UMN4351_47,0.963459233153573,0.499420751796991,0.583568272400082,2.99598842171004,-16.8349717904546,4.64775099047722,13.9733739181702,14.2423666438661,-4.13513903469921
UMN4351_48,1.47411882872708,0.499266681624678,0.939183812112302,3.35567104287244,-21.2820653768172,-14.6501433319788,0.539813776244002,8.36966391184015,-0.835195765444184
UMN4351_49,1.00451605943906,0.500802062959237,0.489042335427001,3.23328614841974,-9.18536021229509,-5.82773095042069,8.83669460390565,-16.5916827185796,-9.33154750634703
UMN4351_5,1.77026145427883,0.499978839890427,0.952841435900229,4.14907927016627,-19.5375787050771,-6.5673036337446,-3.63108096796179,1.33827185940767,-0.0479354874500421
UMN4351_51,1.49046232390207,0.500222716663872,1.00027465153063,3.02747827592019,-21.8262668244583,-18.6630233317581,2.21571959062183,2.06506735557558,-10.1896382467741
UMN4351_52,1.16979864941657,0.500214700623698,-0.0320104817332418,3.82662706313391,-20.9547210781865,-16.6651843316203,-0.707561243620113,2.56341161547791,-9.9098332630645
UMN4351_54,1.1060990662653,0.500060706713193,-0.0726645970056223,1.53581084399572,-15.0654115015312,0.988284146561721,-6.59589177244544,-10.8103033388787,-6.41695629632089
UMN4351_55,1.42623202758648,0.499117896135963,0.0953364435389216,4.08164996672523,-18.5632439173623,-10.8780072364036,-4.11225762436926,4.22232953449917,5.18087440133478
UMN4351_56,1.2063159260543,0.499639822364425,0.443912633192412,3.87503515435013,-17.6485947303348,-17.3483845350315,1.91346109735834,-2.55743611601562,5.73592723202426
UMN4351_58,1.38551533236045,0.498116535803539,0.497293136163668,2.81972747849733,-13.2160729213982,-9.50042244101366,1.22166276774303,4.30976767870442,-0.869508107255726
UMN4351_6,1.07085464631991,0.500260432564496,1.05413788552989,3.31674537744972,-22.69575277442,-13.7373444966026,-3.97004158033533,4.74082819505981,-8.15343782341477
UMN4351_60,1.27400392372559,0.500425600181109,0.428793856971788,3.60855734035924,-15.968722330158,-19.5280183219072,6.89089140562354,1.19037894973969,1.27298545471024
UMN4351_62,1.18890121705288,0.500274743128939,1.0628746965477,2.40915166443486,-17.2798668987412,4.23840032546104,-5.97823002008897,-1.26180248093822,-3.96401744843281
UMN4351_63,1.64472658875795,0.500115395649158,1.01210613019901,3.52481130075868,-21.6473882849854,-14.0636364772783,-4.80271883701039,-5.58335170672534,5.47212182376936
UMN4351_64,1.19026954898459,0.500597544347078,0.0752840277276318,3.93918743980636,-8.94774770757898,-3.03173902226047,16.0269535052392,12.4954572053706,4.44184102601538
UMN4351_65,1.10104932540764,0.500899869785367,0.00709334617628546,1.86603554416963,-12.2635347141619,-1.23737507824912,6.98924278394912,-20.715843561335,1.03946321893816
UMN4351_66,1.36482053986982,0.499588626009601,0.0636244569027096,3.44316752876303,-10.8443106827505,8.52535997868973,-11.6927353124754,-10.4922800976691,0.766966481010871
UMN4351_67,1.45742242358482,0.500066070239202,0.0396155921643759,3.91323571317399,-13.3424275401447,-1.14501368791802,2.60084290944883,-12.1008196115093,-11.4074815004478
UMN4351_68,1.28758011708136,0.498595568269325,0.47111001071386,4.41880080665623,-10.6521515017221,-7.17452677372737,17.9028125221869,-12.2578901011198,-5.72040262033468
UMN4351_69,1.12458201655855,0.500566841154887,0.496185048902197,2.5488632838134,-13.825036162541,-2.2189699332674,8.25621037376316,-8.3766731299019,-7.24956052440269
UMN4351_7,0.95081243945965,0.500245907490083,0.48995235632965,3.34964775456007,-16.4075756585711,-22.3138370297151,-1.63868224287835,6.03711326393297,3.22932756738841
UMN4351_70,1.36474115999965,0.499491830091391,0.976984655082318,3.40583619314556,-14.0635510897632,-13.5397565614322,4.17643310188382,6.21485714167064,-3.52743438100885
UMN4351_71,1.14536046058322,0.500370264045928,0.928687589685476,4.02848352791552,-11.339019163968,3.11620143426375,12.7894882076123,-21.3097656758447,-9.93942245937127
UMN4351_72,1.32078089924972,0.500324307155825,0.507400765704268,3.97328689984385,-7.65352332680969,-5.7616205780226,-5.05706308764336,-6.97726253288829,-0.901131026370054
UMN4351_73,2.03383050538659,0.499597712480587,0.941606821988561,3.96259986156016,-22.3809631811219,-15.8512052342918,-4.44765854661248,-7.21659393347074,4.51875732705593
UMN4351_74,1.39382052662949,0.499306513736659,0.467189032666134,3.46079538563677,-7.17739873505459,0.482536476786052,-0.994434490937127,2.79609591083247,0.721759461193348
UMN4351_75,1.50200713220046,0.499982842592551,-0.0195351221318404,4.75809384871673,-19.9450757226222,-14.6592637597181,-9.61882468706454,-6.11848604328506,4.14878488974747
UMN4351_76,1.10200728222189,0.498103644858097,0.430591805834132,3.32824027346224,-16.2622973372829,6.48027029027037,-16.5433962770309,-5.7650357593049,-2.31120085649259
UMN4351_77,1.06637142189477,0.501726380134059,0.405257809712493,3.83499395903848,-23.4860418501694,-6.0050739548482,-5.5189054417289,-3.24306428848684,-2.05815207609307
UMN4351_79,1.13610334902098,0.499852785884548,0.539654758131865,3.74183339281628,-9.42878953989606,-2.72214820302227,-8.07438547894399,4.08075424351148,2.07799824068933
UMN4351_8,1.74407814490899,0.499605670010973,0.967933074409649,3.27521781624524,-18.8878124705272,4.27177575328955,-16.971796980883,-5.02196666352486,-8.90610689786914
UMN4351_80,1.52529521066785,0.500072953175383,1.10041304859687,4.31547988989728,-9.78681321042896,1.96612101223378,-6.40517119685096,-2.30145422302625,-1.36600361250595
UMN4351_82,1.3920144716283,0.498995902117074,1.03377866385429,3.59574492095887,-21.5148286111897,-18.1164021255123,-0.503033409863254,1.6249349987563,-2.63800514844737
UMN4351_83,1.41329274883521,0.498471207501148,0.989725784803003,3.10314476157101,-11.3022011768003,11.948840167492,31.7905961331921,20.9120064876976,6.05449090957157
UMN4351_84,2.04338268456762,0.5001407542894,0.944049413202518,3.73898429171883,-19.7774215601835,-16.2396058890899,-8.18510447439627,-12.9138018483534,14.1198839651384
UMN4351_85,2.0892039133727,0.499983579316507,0.921071155342733,3.63986425935779,-18.3617654342591,-19.0774253140333,11.0650651929012,9.39713959627721,-5.63912146231844
UMN4351_87,1.06504763861981,0.499084163308257,0.559282278578606,3.05318144026835,-19.6892524176582,1.5556969624589,19.6274035161837,19.4519583311136,5.57172847503954
UMN4351_88,1.45673124529871,0.500445163335306,0.983338777530508,4.11844785228363,-14.525520388634,9.7664188109247,-7.26004795838874,-11.0814205491988,-12.2700199618571
UMN4351_89,1.24271958130915,0.49994159430366,0.922883150583045,3.25047037274931,-14.9793466155306,-5.67461435382406,1.00435511259735,-7.07249593149549,4.93950257830705
UMN4351_9,1.47978616229503,0.499454709619546,-0.0402545025085859,2.11622682344822,-8.97045905276811,12.9797919347495,-6.41816777483563,-9.06098751716955,0.236102129252306
UMN4351_90,1.23795355090476,0.499739857441728,-0.0293101041474071,2.09347135918783,-10.5261907481085,-7.25106836495277,-5.28695397829666,-3.13303030288501,0.124311355829757
UMN4351_91,1.25653547488777,0.499013562140203,0.0201193878876012,2.4363072976934,-10.6283036129217,-9.94143448192915,-3.07087465758621,-0.397378091606023,8.91865430617183
UMN4351_94,0.953559130448245,0.499858620046035,1.04375253923002,2.29431008709944,-17.7188111029262,-15.1577584590676,-1.87636964923444,4.48154561022178,5.48728595532545
UMN4351_95,1.48179284169954,0.499932990063214,0.584130177257266,3.7488147127036,-14.4123485137341,2.28328988247664,12.3123177537809,8.77038703357133,-2.16876392496474
UMN4351_96,1.27328670774564,0.500048649930625,1.02338148561299,3.85689391053188,-15.6588476793274,-6.89841666521134,0.0587097082682123,-2.39517342820384,6.94275536229964
UMN4351_97,1.03197603726068,0.498692699406646,0.478784179118601,3.26891084816602,-16.6832424944613,-8.70382291089976,15.1307019406884,-12.5134064824067,-3.29170603495057
UMN4351_98,2.03006228686589,0.499506960005085,0.963314409816222,3.75824748016053,-5.95409692189788,13.7476891441703,-5.98980734626102,1.08445264162795,-4.21745538271681
UMN4351_99,1.614183626703,0.499980300770104,1.00727259231191,2.83629317618042,-25.6088145853366,-9.3380350654857,-9.50824130285381,-0.857572286948171,-9.07228820653745
